Fund Name,P1,P2,P3,P4,P5,Topsis Score,Rank
M1,0.94,0.88,4.1,46.3,13.06,0.649801722801187,1
M2,0.62,0.38,5.0,33.7,9.93,0.4128248457509567,6
M3,0.66,0.44,3.3,41.0,11.35,0.33521937732205687,8
M4,0.94,0.88,4.5,63.6,17.48,0.6311069531195624,2
M5,0.65,0.42,5.7,43.1,12.47,0.4440001975678861,5
M6,0.8,0.64,4.5,67.1,18.26,0.500380249773597,4
M7,0.88,0.77,3.5,56.8,15.49,0.5448602819791875,3
M8,0.6,0.36,4.7,45.5,12.79,0.347776559901165,7
